{
  "overall": {
    "rmse": 3.9373488426208496,
    "mae": 1.42960524559021,
    "r2": 0.9607215582858104
  },
  "target": "PM2.5",
  "station_routing": {
    "AIIMS": {
      "chosen_model": "xgb",
      "val_scores": {
        "ridge": {
          "rmse": 3.2519216537475586,
          "mae": 1.2902565002441406,
          "r2": 0.9632404955609302
        },
        "rf": {
          "rmse": 29.446882247924805,
          "mae": 18.161785125732422,
          "r2": -2.0141729320585
        },
        "xgb": {
          "rmse": 3.050691843032837,
          "mae": 1.3292609453201294,
          "r2": 0.9676491106529044
        }
      },
      "test_metrics": {
        "rmse": 2.6685101985931396,
        "mae": 1.3112514019012451,
        "r2": 0.9832537395392372
      },
      "n_test_rows": 18027,
      "n_features": 259
    },
    "BHATAGAON": {
      "chosen_model": "ridge",
      "val_scores": {
        "ridge": {
          "rmse": 11.100872039794922,
          "mae": 3.588239908218384,
          "r2": 0.7969070200892707
        },
        "rf": {
          "rmse": 50.31797409057617,
          "mae": 26.579181671142578,
          "r2": -3.1727942265929947
        },
        "xgb": {
          "rmse": 11.56387710571289,
          "mae": 3.924247980117798,
          "r2": 0.7796121689984883
        }
      },
      "test_metrics": {
        "rmse": 5.15435791015625,
        "mae": 1.6210464239120483,
        "r2": 0.9111279909674135
      },
      "n_test_rows": 18289,
      "n_features": 483
    },
    "IGKV": {
      "chosen_model": "ridge",
      "val_scores": {
        "ridge": {
          "rmse": 2.1416547298431396,
          "mae": 1.0796761512756348,
          "r2": 0.9657112264073169
        },
        "rf": {
          "rmse": 11.92421817779541,
          "mae": 8.704072952270508,
          "r2": -0.06295020308315147
        },
        "xgb": {
          "rmse": 2.445591449737549,
          "mae": 1.2908475399017334,
          "r2": 0.9552883282991388
        }
      },
      "test_metrics": {
        "rmse": 2.019162893295288,
        "mae": 1.0805752277374268,
        "r2": 0.9834968204985015
      },
      "n_test_rows": 14294,
      "n_features": 259
    },
    "SILTARA": {
      "chosen_model": "ridge",
      "val_scores": {
        "ridge": {
          "rmse": 7.278727054595947,
          "mae": 2.6956627368927,
          "r2": 0.9427964657057235
        },
        "rf": {
          "rmse": 94.2555160522461,
          "mae": 63.85982131958008,
          "r2": -8.592361003773597
        },
        "xgb": {
          "rmse": 7.536427974700928,
          "mae": 2.951772928237915,
          "r2": 0.9386742214967054
        }
      },
      "test_metrics": {
        "rmse": 4.822478294372559,
        "mae": 1.680181860923767,
        "r2": 0.9598372541100042
      },
      "n_test_rows": 14452,
      "n_features": 274
    }
  }
}