{
  "ridge": {
    "rmse": 3.889482021331787,
    "mae": 1.4014030694961548,
    "r2": 0.9616707762238073
  },
  "random_forest": {
    "rmse": 32.2664909362793,
    "mae": 16.543601989746094,
    "r2": -1.6378492198695236
  },
  "xgboost": {
    "rmse": 4.115567207336426,
    "mae": 1.5120784044265747,
    "r2": 0.9570853177241037
  },
  "per_station": {
    "AIIMS": {
      "n_features": 259,
      "ridge": {
        "rmse": 2.401832103729248,
        "mae": 1.2094659805297852,
        "r2": 0.9864335759909596
      },
      "random_forest": {
        "rmse": 33.79964065551758,
        "mae": 16.052785873413086,
        "r2": -1.6866080059486923
      },
      "xgboost": {
        "rmse": 2.6685101985931396,
        "mae": 1.3112514019012451,
        "r2": 0.9832537395392372
      },
      "ridge_best_alpha": 10.0,
      "ridge_val_metrics": {
        "rmse": 3.310993194580078,
        "mae": 1.3339574337005615,
        "r2": 0.9618928826878708
      },
      "xgb_val_metrics": {
        "rmse": 3.050691843032837,
        "mae": 1.3292609453201294,
        "r2": 0.9676491106529044
      },
      "xgb_best_params": {
        "max_depth": 5,
        "min_child_weight": 5,
        "reg_lambda": 5.0
      },
      "test_rows_sklearn": 18027,
      "test_rows_xgb": 18027
    },
    "BHATAGAON": {
      "n_features": 483,
      "ridge": {
        "rmse": 5.15435791015625,
        "mae": 1.6210464239120483,
        "r2": 0.9111279909674135
      },
      "random_forest": {
        "rmse": 28.534719467163086,
        "mae": 17.48815155029297,
        "r2": -1.7237235531770572
      },
      "xgboost": {
        "rmse": 5.408230781555176,
        "mae": 1.7922505140304565,
        "r2": 0.9021577865773431
      },
      "ridge_best_alpha": 10.0,
      "ridge_val_metrics": {
        "rmse": 11.236523628234863,
        "mae": 3.553579568862915,
        "r2": 0.7919131407984892
      },
      "xgb_val_metrics": {
        "rmse": 11.56387710571289,
        "mae": 3.924247980117798,
        "r2": 0.7796121689984883
      },
      "xgb_best_params": {
        "max_depth": 3,
        "min_child_weight": 1,
        "reg_lambda": 5.0
      },
      "test_rows_sklearn": 18289,
      "test_rows_xgb": 18289
    },
    "IGKV": {
      "n_features": 259,
      "ridge": {
        "rmse": 2.019162893295288,
        "mae": 1.0805752277374268,
        "r2": 0.9834968204985015
      },
      "random_forest": {
        "rmse": 18.86332130432129,
        "mae": 12.556227684020996,
        "r2": -0.44032759474274474
      },
      "xgboost": {
        "rmse": 2.029324769973755,
        "mae": 1.1206926107406616,
        "r2": 0.9833302907845112
      },
      "ridge_best_alpha": 10.0,
      "ridge_val_metrics": {
        "rmse": 3.180372953414917,
        "mae": 1.2795155048370361,
        "r2": 0.924384791046142
      },
      "xgb_val_metrics": {
        "rmse": 2.445591449737549,
        "mae": 1.2908475399017334,
        "r2": 0.9552883282991388
      },
      "xgb_best_params": {
        "max_depth": 3,
        "min_child_weight": 1,
        "reg_lambda": 5.0
      },
      "test_rows_sklearn": 14294,
      "test_rows_xgb": 14294
    },
    "SILTARA": {
      "n_features": 274,
      "ridge": {
        "rmse": 4.822478294372559,
        "mae": 1.680181860923767,
        "r2": 0.9598372541100042
      },
      "random_forest": {
        "rmse": 43.35582733154297,
        "mae": 19.904294967651367,
        "r2": -2.246218342041136
      },
      "xgboost": {
        "rmse": 5.12671422958374,
        "mae": 1.7951323986053467,
        "r2": 0.9546099099564704
      },
      "ridge_best_alpha": 10.0,
      "ridge_val_metrics": {
        "rmse": 7.410968780517578,
        "mae": 2.8081276416778564,
        "r2": 0.9406990143073015
      },
      "xgb_val_metrics": {
        "rmse": 7.536427974700928,
        "mae": 2.951772928237915,
        "r2": 0.9386742214967054
      },
      "xgb_best_params": {
        "max_depth": 3,
        "min_child_weight": 5,
        "reg_lambda": 5.0
      },
      "test_rows_sklearn": 14452,
      "test_rows_xgb": 14452
    }
  }
}